{"filter":false,"title":"coin.json","tooltip":"/js/panda.js-engine-games/endlessrunner/media/coin.json","undoManager":{"mark":-1,"position":-1,"stack":[]},"ace":{"folds":[],"scrolltop":0,"scrollleft":0,"selection":{"start":{"row":11,"column":9},"end":{"row":11,"column":9},"isBackwards":false},"options":{"guessTabSize":true,"useWrapMode":false,"wrapToView":true},"firstLineState":{"row":11,"state":"start","mode":"ace/mode/json"}},"timestamp":1482002619364,"hash":"0310f275f4e5a28cb77219292b862551d8625801"}