{"filter":false,"title":"player.json","tooltip":"/js/panda.js-engine-games/endlessrunner/media/player.json","undoManager":{"mark":100,"position":100,"stack":[[{"start":{"row":0,"column":0},"end":{"row":101,"column":0},"action":"remove","lines":["{\"frames\": {","","\"hit-wall.png\":","{","\t\"frame\": {\"x\":604,\"y\":239,\"w\":177,\"h\":196},","\t\"rotated\": false,","\t\"trimmed\": false,","\t\"spriteSourceSize\": {\"x\":0,\"y\":0,\"w\":177,\"h\":196},","\t\"sourceSize\": {\"w\":177,\"h\":196}","},","\"jump-down.png\":","{","\t\"frame\": {\"x\":0,\"y\":0,\"w\":141,\"h\":234},","\t\"rotated\": false,","\t\"trimmed\": false,","\t\"spriteSourceSize\": {\"x\":0,\"y\":0,\"w\":141,\"h\":234},","\t\"sourceSize\": {\"w\":141,\"h\":234}","},","\"jump-up.png\":","{","\t\"frame\": {\"x\":143,\"y\":0,\"w\":147,\"h\":189},","\t\"rotated\": false,","\t\"trimmed\": false,","\t\"spriteSourceSize\": {\"x\":0,\"y\":0,\"w\":147,\"h\":189},","\t\"sourceSize\": {\"w\":147,\"h\":189}","},","\"run-01.png\":","{","\t\"frame\": {\"x\":151,\"y\":239,\"w\":149,\"h\":237},","\t\"rotated\": false,","\t\"trimmed\": false,","\t\"spriteSourceSize\": {\"x\":0,\"y\":0,\"w\":149,\"h\":237},","\t\"sourceSize\": {\"w\":149,\"h\":237}","},","\"run-02.png\":","{","\t\"frame\": {\"x\":453,\"y\":239,\"w\":149,\"h\":237},","\t\"rotated\": false,","\t\"trimmed\": false,","\t\"spriteSourceSize\": {\"x\":0,\"y\":0,\"w\":149,\"h\":237},","\t\"sourceSize\": {\"w\":149,\"h\":237}","},","\"run-03.png\":","{","\t\"frame\": {\"x\":0,\"y\":239,\"w\":149,\"h\":237},","\t\"rotated\": false,","\t\"trimmed\": false,","\t\"spriteSourceSize\": {\"x\":0,\"y\":0,\"w\":149,\"h\":237},","\t\"sourceSize\": {\"w\":149,\"h\":237}","},","\"run-04.png\":","{","\t\"frame\": {\"x\":745,\"y\":0,\"w\":149,\"h\":237},","\t\"rotated\": false,","\t\"trimmed\": false,","\t\"spriteSourceSize\": {\"x\":0,\"y\":0,\"w\":149,\"h\":237},","\t\"sourceSize\": {\"w\":149,\"h\":237}","},","\"run-05.png\":","{","\t\"frame\": {\"x\":292,\"y\":0,\"w\":149,\"h\":237},","\t\"rotated\": false,","\t\"trimmed\": false,","\t\"spriteSourceSize\": {\"x\":0,\"y\":0,\"w\":149,\"h\":237},","\t\"sourceSize\": {\"w\":149,\"h\":237}","},","\"run-06.png\":","{","\t\"frame\": {\"x\":443,\"y\":0,\"w\":149,\"h\":237},","\t\"rotated\": false,","\t\"trimmed\": false,","\t\"spriteSourceSize\": {\"x\":0,\"y\":0,\"w\":149,\"h\":237},","\t\"sourceSize\": {\"w\":149,\"h\":237}","},","\"run-07.png\":","{","\t\"frame\": {\"x\":594,\"y\":0,\"w\":149,\"h\":237},","\t\"rotated\": false,","\t\"trimmed\": false,","\t\"spriteSourceSize\": {\"x\":0,\"y\":0,\"w\":149,\"h\":237},","\t\"sourceSize\": {\"w\":149,\"h\":237}","},","\"run-08.png\":","{","\t\"frame\": {\"x\":302,\"y\":239,\"w\":149,\"h\":237},","\t\"rotated\": false,","\t\"trimmed\": false,","\t\"spriteSourceSize\": {\"x\":0,\"y\":0,\"w\":149,\"h\":237},","\t\"sourceSize\": {\"w\":149,\"h\":237}","}},","\"meta\": {","\t\"app\": \"http://www.codeandweb.com/texturepacker \",","\t\"version\": \"1.0\",","\t\"image\": \"player.png\",","\t\"format\": \"RGBA8888\",","\t\"size\": {\"w\":896,\"h\":476},","\t\"scale\": \"1\",","\t\"smartupdate\": \"$TexturePacker:SmartUpdate:6e8df5801bc1d163b12a2409b6417b50:1/1$\"","}","}","",""],"id":256,"ignore":true},{"start":{"row":0,"column":0},"end":{"row":101,"column":0},"action":"insert","lines":["","{\"frames\": {","","\"hit-wall.png\":","{","\t\"frame\": {\"x\":604,\"y\":239,\"w\":177,\"h\":196},","\t\"rotated\": false,","\t\"trimmed\": false,","\t\"spriteSourceSize\": {\"x\":0,\"y\":0,\"w\":177,\"h\":196},","\t\"sourceSize\": {\"w\":177,\"h\":196}","},","\"jump-down.png\":","{","\t\"frame\": {\"x\":273,\"y\":348,\"w\":251,\"h\":305},","\t\"rotated\": false,","\t\"trimmed\": false,","\t\"spriteSourceSize\": {\"x\":0,\"y\":0,\"w\":141,\"h\":234},","\t\"sourceSize\": {\"w\":141,\"h\":234}","},","\"jump-up.png\":","{","\t\"frame\": {\"x\":273,\"y\":348,\"w\":251,\"h\":305},","\t\"rotated\": false,","\t\"trimmed\": false,","\t\"spriteSourceSize\": {\"x\":0,\"y\":0,\"w\":147,\"h\":189},","\t\"sourceSize\": {\"w\":147,\"h\":189}","},","\"run-01.png\":","{","\t\"frame\": {\"x\":251,\"y\":235,\"w\":284,\"h\":262},","\t\"rotated\": false,","\t\"trimmed\": false,","\t\"spriteSourceSize\": {\"x\":0,\"y\":0,\"w\":149,\"h\":237},","\t\"sourceSize\": {\"w\":149,\"h\":237}","},","\"run-02.png\":","{","\t\"frame\": {\"x\":283,\"y\":235,\"w\":314,\"h\":262},","\t\"rotated\": false,","\t\"trimmed\": false,","\t\"spriteSourceSize\": {\"x\":0,\"y\":0,\"w\":149,\"h\":237},","\t\"sourceSize\": {\"w\":149,\"h\":237}","},","\"run-03.png\":","{","\t\"frame\": {\"x\":0,\"y\":239,\"w\":149,\"h\":237},","\t\"rotated\": false,","\t\"trimmed\": false,","\t\"spriteSourceSize\": {\"x\":0,\"y\":0,\"w\":149,\"h\":237},","\t\"sourceSize\": {\"w\":149,\"h\":237}","},","\"run-04.png\":","{","\t\"frame\": {\"x\":745,\"y\":0,\"w\":149,\"h\":237},","\t\"rotated\": false,","\t\"trimmed\": false,","\t\"spriteSourceSize\": {\"x\":0,\"y\":0,\"w\":149,\"h\":237},","\t\"sourceSize\": {\"w\":149,\"h\":237}","},","\"run-05.png\":","{","\t\"frame\": {\"x\":292,\"y\":0,\"w\":149,\"h\":237},","\t\"rotated\": false,","\t\"trimmed\": false,","\t\"spriteSourceSize\": {\"x\":0,\"y\":0,\"w\":149,\"h\":237},","\t\"sourceSize\": {\"w\":149,\"h\":237}","},","\"run-06.png\":","{","\t\"frame\": {\"x\":443,\"y\":0,\"w\":149,\"h\":237},","\t\"rotated\": false,","\t\"trimmed\": false,","\t\"spriteSourceSize\": {\"x\":0,\"y\":0,\"w\":149,\"h\":237},","\t\"sourceSize\": {\"w\":149,\"h\":237}","},","\"run-07.png\":","{","\t\"frame\": {\"x\":594,\"y\":0,\"w\":149,\"h\":237},","\t\"rotated\": false,","\t\"trimmed\": false,","\t\"spriteSourceSize\": {\"x\":0,\"y\":0,\"w\":149,\"h\":237},","\t\"sourceSize\": {\"w\":149,\"h\":237}","},","\"run-08.png\":","{","\t\"frame\": {\"x\":302,\"y\":239,\"w\":149,\"h\":237},","\t\"rotated\": false,","\t\"trimmed\": false,","\t\"spriteSourceSize\": {\"x\":0,\"y\":0,\"w\":149,\"h\":237},","\t\"sourceSize\": {\"w\":149,\"h\":237}","}},","\"meta\": {","\t\"app\": \"http://www.codeandweb.com/texturepacker \",","\t\"version\": \"1.0\",","\t\"image\": \"narutospritesheet.png\",","\t\"format\": \"RGBA8888\",","\t\"size\": {\"w\":501,\"h\":833},","\t\"scale\": \"1\",","\t\"smartupdate\": \"$TexturePacker:SmartUpdate:6e8df5801bc1d163b12a2409b6417b50:1/1$\"","}","}",""]}],[{"start":{"row":43,"column":0},"end":{"row":90,"column":3},"action":"remove","lines":["\"run-03.png\":","{","\t\"frame\": {\"x\":0,\"y\":239,\"w\":149,\"h\":237},","\t\"rotated\": false,","\t\"trimmed\": false,","\t\"spriteSourceSize\": {\"x\":0,\"y\":0,\"w\":149,\"h\":237},","\t\"sourceSize\": {\"w\":149,\"h\":237}","},","\"run-04.png\":","{","\t\"frame\": {\"x\":745,\"y\":0,\"w\":149,\"h\":237},","\t\"rotated\": false,","\t\"trimmed\": false,","\t\"spriteSourceSize\": {\"x\":0,\"y\":0,\"w\":149,\"h\":237},","\t\"sourceSize\": {\"w\":149,\"h\":237}","},","\"run-05.png\":","{","\t\"frame\": {\"x\":292,\"y\":0,\"w\":149,\"h\":237},","\t\"rotated\": false,","\t\"trimmed\": false,","\t\"spriteSourceSize\": {\"x\":0,\"y\":0,\"w\":149,\"h\":237},","\t\"sourceSize\": {\"w\":149,\"h\":237}","},","\"run-06.png\":","{","\t\"frame\": {\"x\":443,\"y\":0,\"w\":149,\"h\":237},","\t\"rotated\": false,","\t\"trimmed\": false,","\t\"spriteSourceSize\": {\"x\":0,\"y\":0,\"w\":149,\"h\":237},","\t\"sourceSize\": {\"w\":149,\"h\":237}","},","\"run-07.png\":","{","\t\"frame\": {\"x\":594,\"y\":0,\"w\":149,\"h\":237},","\t\"rotated\": false,","\t\"trimmed\": false,","\t\"spriteSourceSize\": {\"x\":0,\"y\":0,\"w\":149,\"h\":237},","\t\"sourceSize\": {\"w\":149,\"h\":237}","},","\"run-08.png\":","{","\t\"frame\": {\"x\":302,\"y\":239,\"w\":149,\"h\":237},","\t\"rotated\": false,","\t\"trimmed\": false,","\t\"spriteSourceSize\": {\"x\":0,\"y\":0,\"w\":149,\"h\":237},","\t\"sourceSize\": {\"w\":149,\"h\":237}","}},"],"id":257}],[{"start":{"row":42,"column":0},"end":{"row":42,"column":1},"action":"insert","lines":["}"],"id":258,"ignore":true}],[{"start":{"row":5,"column":15},"end":{"row":5,"column":18},"action":"remove","lines":["604"],"id":259},{"start":{"row":5,"column":15},"end":{"row":5,"column":30},"action":"insert","lines":["359,348,391,386"]}],[{"start":{"row":5,"column":19},"end":{"row":5,"column":23},"action":"remove","lines":["348,"],"id":260}],[{"start":{"row":5,"column":31},"end":{"row":5,"column":35},"action":"remove","lines":["239,"],"id":261},{"start":{"row":5,"column":31},"end":{"row":5,"column":35},"action":"insert","lines":["348,"]}],[{"start":{"row":5,"column":19},"end":{"row":5,"column":23},"action":"remove","lines":["391,"],"id":262}],[{"start":{"row":5,"column":35},"end":{"row":5,"column":39},"action":"remove","lines":["177,"],"id":263},{"start":{"row":5,"column":35},"end":{"row":5,"column":39},"action":"insert","lines":["348,"]}],[{"start":{"row":5,"column":19},"end":{"row":5,"column":23},"action":"remove","lines":["386,"],"id":264}],[{"start":{"row":5,"column":41},"end":{"row":5,"column":42},"action":"remove","lines":["6"],"id":265}],[{"start":{"row":5,"column":40},"end":{"row":5,"column":41},"action":"remove","lines":["9"],"id":266}],[{"start":{"row":5,"column":39},"end":{"row":5,"column":40},"action":"remove","lines":["1"],"id":267}],[{"start":{"row":5,"column":39},"end":{"row":5,"column":43},"action":"insert","lines":["386,"],"id":268}],[{"start":{"row":5,"column":42},"end":{"row":5,"column":43},"action":"remove","lines":[","],"id":269}],[{"start":{"row":5,"column":33},"end":{"row":5,"column":34},"action":"remove","lines":["8"],"id":270}],[{"start":{"row":5,"column":32},"end":{"row":5,"column":33},"action":"remove","lines":["4"],"id":271}],[{"start":{"row":5,"column":32},"end":{"row":5,"column":33},"action":"insert","lines":["9"],"id":272}],[{"start":{"row":5,"column":33},"end":{"row":5,"column":34},"action":"insert","lines":["1"],"id":273}],[{"start":{"row":42,"column":0},"end":{"row":42,"column":1},"action":"remove","lines":["}"],"id":274,"ignore":true},{"start":{"row":47,"column":30},"end":{"row":47,"column":32},"action":"remove","lines":["ng"]}],[{"start":{"row":0,"column":0},"end":{"row":54,"column":0},"action":"remove","lines":["","{\"frames\": {","","\"hit-wall.png\":","{","\t\"frame\": {\"x\":359,\"y\":348,\"w\":391,\"h\":386},","\t\"rotated\": false,","\t\"trimmed\": false,","\t\"spriteSourceSize\": {\"x\":0,\"y\":0,\"w\":177,\"h\":196},","\t\"sourceSize\": {\"w\":177,\"h\":196}","},","\"jump-down.png\":","{","\t\"frame\": {\"x\":273,\"y\":348,\"w\":251,\"h\":305},","\t\"rotated\": false,","\t\"trimmed\": false,","\t\"spriteSourceSize\": {\"x\":0,\"y\":0,\"w\":141,\"h\":234},","\t\"sourceSize\": {\"w\":141,\"h\":234}","},","\"jump-up.png\":","{","\t\"frame\": {\"x\":273,\"y\":348,\"w\":251,\"h\":305},","\t\"rotated\": false,","\t\"trimmed\": false,","\t\"spriteSourceSize\": {\"x\":0,\"y\":0,\"w\":147,\"h\":189},","\t\"sourceSize\": {\"w\":147,\"h\":189}","},","\"run-01.png\":","{","\t\"frame\": {\"x\":251,\"y\":235,\"w\":284,\"h\":262},","\t\"rotated\": false,","\t\"trimmed\": false,","\t\"spriteSourceSize\": {\"x\":0,\"y\":0,\"w\":149,\"h\":237},","\t\"sourceSize\": {\"w\":149,\"h\":237}","},","\"run-02.png\":","{","\t\"frame\": {\"x\":283,\"y\":235,\"w\":314,\"h\":262},","\t\"rotated\": false,","\t\"trimmed\": false,","\t\"spriteSourceSize\": {\"x\":0,\"y\":0,\"w\":149,\"h\":237},","\t\"sourceSize\": {\"w\":149,\"h\":237}","},","","\"meta\": {","\t\"app\": \"http://www.codeandweb.com/texturepacker \",","\t\"version\": \"1.0\",","\t\"image\": \"narutospritesheet.p\",","\t\"format\": \"RGBA8888\",","\t\"size\": {\"w\":501,\"h\":833},","\t\"scale\": \"1\",","\t\"smartupdate\": \"$TexturePacker:SmartUpdate:6e8df5801bc1d163b12a2409b6417b50:1/1$\"","}","}",""],"id":275,"ignore":true},{"start":{"row":0,"column":0},"end":{"row":101,"column":0},"action":"insert","lines":["","{\"frames\": {","","\"hit-wall.png\":","{","\t\"frame\": {\"x\":604,\"y\":239,\"w\":177,\"h\":196},","\t\"rotated\": false,","\t\"trimmed\": false,","\t\"spriteSourceSize\": {\"x\":0,\"y\":0,\"w\":177,\"h\":196},","\t\"sourceSize\": {\"w\":177,\"h\":196}","},","\"jump-down.png\":","{","\t\"frame\": {\"x\":273,\"y\":348,\"w\":251,\"h\":305},","\t\"rotated\": false,","\t\"trimmed\": false,","\t\"spriteSourceSize\": {\"x\":0,\"y\":0,\"w\":141,\"h\":234},","\t\"sourceSize\": {\"w\":141,\"h\":234}","},","\"jump-up.png\":","{","\t\"frame\": {\"x\":273,\"y\":348,\"w\":251,\"h\":305},","\t\"rotated\": false,","\t\"trimmed\": false,","\t\"spriteSourceSize\": {\"x\":0,\"y\":0,\"w\":147,\"h\":189},","\t\"sourceSize\": {\"w\":147,\"h\":189}","},","\"run-01.png\":","{","\t\"frame\": {\"x\":251,\"y\":235,\"w\":284,\"h\":262},","\t\"rotated\": false,","\t\"trimmed\": false,","\t\"spriteSourceSize\": {\"x\":0,\"y\":0,\"w\":149,\"h\":237},","\t\"sourceSize\": {\"w\":149,\"h\":237}","},","\"run-02.png\":","{","\t\"frame\": {\"x\":283,\"y\":235,\"w\":314,\"h\":262},","\t\"rotated\": false,","\t\"trimmed\": false,","\t\"spriteSourceSize\": {\"x\":0,\"y\":0,\"w\":149,\"h\":237},","\t\"sourceSize\": {\"w\":149,\"h\":237}","},","\"run-03.png\":","{","\t\"frame\": {\"x\":0,\"y\":239,\"w\":149,\"h\":237},","\t\"rotated\": false,","\t\"trimmed\": false,","\t\"spriteSourceSize\": {\"x\":0,\"y\":0,\"w\":149,\"h\":237},","\t\"sourceSize\": {\"w\":149,\"h\":237}","},","\"run-04.png\":","{","\t\"frame\": {\"x\":745,\"y\":0,\"w\":149,\"h\":237},","\t\"rotated\": false,","\t\"trimmed\": false,","\t\"spriteSourceSize\": {\"x\":0,\"y\":0,\"w\":149,\"h\":237},","\t\"sourceSize\": {\"w\":149,\"h\":237}","},","\"run-05.png\":","{","\t\"frame\": {\"x\":292,\"y\":0,\"w\":149,\"h\":237},","\t\"rotated\": false,","\t\"trimmed\": false,","\t\"spriteSourceSize\": {\"x\":0,\"y\":0,\"w\":149,\"h\":237},","\t\"sourceSize\": {\"w\":149,\"h\":237}","},","\"run-06.png\":","{","\t\"frame\": {\"x\":443,\"y\":0,\"w\":149,\"h\":237},","\t\"rotated\": false,","\t\"trimmed\": false,","\t\"spriteSourceSize\": {\"x\":0,\"y\":0,\"w\":149,\"h\":237},","\t\"sourceSize\": {\"w\":149,\"h\":237}","},","\"run-07.png\":","{","\t\"frame\": {\"x\":594,\"y\":0,\"w\":149,\"h\":237},","\t\"rotated\": false,","\t\"trimmed\": false,","\t\"spriteSourceSize\": {\"x\":0,\"y\":0,\"w\":149,\"h\":237},","\t\"sourceSize\": {\"w\":149,\"h\":237}","},","\"run-08.png\":","{","\t\"frame\": {\"x\":302,\"y\":239,\"w\":149,\"h\":237},","\t\"rotated\": false,","\t\"trimmed\": false,","\t\"spriteSourceSize\": {\"x\":0,\"y\":0,\"w\":149,\"h\":237},","\t\"sourceSize\": {\"w\":149,\"h\":237}","}},","\"meta\": {","\t\"app\": \"http://www.codeandweb.com/texturepacker \",","\t\"version\": \"1.0\",","\t\"image\": \"narutospritesheet.gif\",","\t\"format\": \"RGBA8888\",","\t\"size\": {\"w\":501,\"h\":833},","\t\"scale\": \"1\",","\t\"smartupdate\": \"$TexturePacker:SmartUpdate:6e8df5801bc1d163b12a2409b6417b50:1/1$\"","}","}",""]}],[{"start":{"row":0,"column":0},"end":{"row":1,"column":0},"action":"remove","lines":["",""],"id":276,"ignore":true}],[{"start":{"row":0,"column":0},"end":{"row":100,"column":0},"action":"remove","lines":["{\"frames\": {","","\"hit-wall.png\":","{","\t\"frame\": {\"x\":604,\"y\":239,\"w\":177,\"h\":196},","\t\"rotated\": false,","\t\"trimmed\": false,","\t\"spriteSourceSize\": {\"x\":0,\"y\":0,\"w\":177,\"h\":196},","\t\"sourceSize\": {\"w\":177,\"h\":196}","},","\"jump-down.png\":","{","\t\"frame\": {\"x\":273,\"y\":348,\"w\":251,\"h\":305},","\t\"rotated\": false,","\t\"trimmed\": false,","\t\"spriteSourceSize\": {\"x\":0,\"y\":0,\"w\":141,\"h\":234},","\t\"sourceSize\": {\"w\":141,\"h\":234}","},","\"jump-up.png\":","{","\t\"frame\": {\"x\":273,\"y\":348,\"w\":251,\"h\":305},","\t\"rotated\": false,","\t\"trimmed\": false,","\t\"spriteSourceSize\": {\"x\":0,\"y\":0,\"w\":147,\"h\":189},","\t\"sourceSize\": {\"w\":147,\"h\":189}","},","\"run-01.png\":","{","\t\"frame\": {\"x\":251,\"y\":235,\"w\":284,\"h\":262},","\t\"rotated\": false,","\t\"trimmed\": false,","\t\"spriteSourceSize\": {\"x\":0,\"y\":0,\"w\":149,\"h\":237},","\t\"sourceSize\": {\"w\":149,\"h\":237}","},","\"run-02.png\":","{","\t\"frame\": {\"x\":283,\"y\":235,\"w\":314,\"h\":262},","\t\"rotated\": false,","\t\"trimmed\": false,","\t\"spriteSourceSize\": {\"x\":0,\"y\":0,\"w\":149,\"h\":237},","\t\"sourceSize\": {\"w\":149,\"h\":237}","},","\"run-03.png\":","{","\t\"frame\": {\"x\":0,\"y\":239,\"w\":149,\"h\":237},","\t\"rotated\": false,","\t\"trimmed\": false,","\t\"spriteSourceSize\": {\"x\":0,\"y\":0,\"w\":149,\"h\":237},","\t\"sourceSize\": {\"w\":149,\"h\":237}","},","\"run-04.png\":","{","\t\"frame\": {\"x\":745,\"y\":0,\"w\":149,\"h\":237},","\t\"rotated\": false,","\t\"trimmed\": false,","\t\"spriteSourceSize\": {\"x\":0,\"y\":0,\"w\":149,\"h\":237},","\t\"sourceSize\": {\"w\":149,\"h\":237}","},","\"run-05.png\":","{","\t\"frame\": {\"x\":292,\"y\":0,\"w\":149,\"h\":237},","\t\"rotated\": false,","\t\"trimmed\": false,","\t\"spriteSourceSize\": {\"x\":0,\"y\":0,\"w\":149,\"h\":237},","\t\"sourceSize\": {\"w\":149,\"h\":237}","},","\"run-06.png\":","{","\t\"frame\": {\"x\":443,\"y\":0,\"w\":149,\"h\":237},","\t\"rotated\": false,","\t\"trimmed\": false,","\t\"spriteSourceSize\": {\"x\":0,\"y\":0,\"w\":149,\"h\":237},","\t\"sourceSize\": {\"w\":149,\"h\":237}","},","\"run-07.png\":","{","\t\"frame\": {\"x\":594,\"y\":0,\"w\":149,\"h\":237},","\t\"rotated\": false,","\t\"trimmed\": false,","\t\"spriteSourceSize\": {\"x\":0,\"y\":0,\"w\":149,\"h\":237},","\t\"sourceSize\": {\"w\":149,\"h\":237}","},","\"run-08.png\":","{","\t\"frame\": {\"x\":302,\"y\":239,\"w\":149,\"h\":237},","\t\"rotated\": false,","\t\"trimmed\": false,","\t\"spriteSourceSize\": {\"x\":0,\"y\":0,\"w\":149,\"h\":237},","\t\"sourceSize\": {\"w\":149,\"h\":237}","}},","\"meta\": {","\t\"app\": \"http://www.codeandweb.com/texturepacker \",","\t\"version\": \"1.0\",","\t\"image\": \"narutospritesheet.gif\",","\t\"format\": \"RGBA8888\",","\t\"size\": {\"w\":501,\"h\":833},","\t\"scale\": \"1\",","\t\"smartupdate\": \"$TexturePacker:SmartUpdate:6e8df5801bc1d163b12a2409b6417b50:1/1$\"","}","}",""],"id":277,"ignore":true},{"start":{"row":0,"column":0},"end":{"row":54,"column":0},"action":"insert","lines":["","{\"frames\": {","","\"hit-wall.png\":","{","\t\"frame\": {\"x\":359,\"y\":348,\"w\":391,\"h\":386},","\t\"rotated\": false,","\t\"trimmed\": false,","\t\"spriteSourceSize\": {\"x\":0,\"y\":0,\"w\":177,\"h\":196},","\t\"sourceSize\": {\"w\":177,\"h\":196}","},","\"jump-down.png\":","{","\t\"frame\": {\"x\":273,\"y\":348,\"w\":251,\"h\":305},","\t\"rotated\": false,","\t\"trimmed\": false,","\t\"spriteSourceSize\": {\"x\":0,\"y\":0,\"w\":141,\"h\":234},","\t\"sourceSize\": {\"w\":141,\"h\":234}","},","\"jump-up.png\":","{","\t\"frame\": {\"x\":273,\"y\":348,\"w\":251,\"h\":305},","\t\"rotated\": false,","\t\"trimmed\": false,","\t\"spriteSourceSize\": {\"x\":0,\"y\":0,\"w\":147,\"h\":189},","\t\"sourceSize\": {\"w\":147,\"h\":189}","},","\"run-01.png\":","{","\t\"frame\": {\"x\":251,\"y\":235,\"w\":284,\"h\":262},","\t\"rotated\": false,","\t\"trimmed\": false,","\t\"spriteSourceSize\": {\"x\":0,\"y\":0,\"w\":149,\"h\":237},","\t\"sourceSize\": {\"w\":149,\"h\":237}","},","\"run-02.png\":","{","\t\"frame\": {\"x\":283,\"y\":235,\"w\":314,\"h\":262},","\t\"rotated\": false,","\t\"trimmed\": false,","\t\"spriteSourceSize\": {\"x\":0,\"y\":0,\"w\":149,\"h\":237},","\t\"sourceSize\": {\"w\":149,\"h\":237}","}},","","\"meta\": {","\t\"app\": \"http://www.codeandweb.com/texturepacker \",","\t\"version\": \"1.0\",","\t\"image\": \"narutospritesheet.png\",","\t\"format\": \"RGBA8888\",","\t\"size\": {\"w\":501,\"h\":833},","\t\"scale\": \"1\",","\t\"smartupdate\": \"$TexturePacker:SmartUpdate:6e8df5801bc1d163b12a2409b6417b50:1/1$\"","}","}",""]}],[{"start":{"row":0,"column":0},"end":{"row":54,"column":0},"action":"remove","lines":["","{\"frames\": {","","\"hit-wall.png\":","{","\t\"frame\": {\"x\":359,\"y\":348,\"w\":391,\"h\":386},","\t\"rotated\": false,","\t\"trimmed\": false,","\t\"spriteSourceSize\": {\"x\":0,\"y\":0,\"w\":177,\"h\":196},","\t\"sourceSize\": {\"w\":177,\"h\":196}","},","\"jump-down.png\":","{","\t\"frame\": {\"x\":273,\"y\":348,\"w\":251,\"h\":305},","\t\"rotated\": false,","\t\"trimmed\": false,","\t\"spriteSourceSize\": {\"x\":0,\"y\":0,\"w\":141,\"h\":234},","\t\"sourceSize\": {\"w\":141,\"h\":234}","},","\"jump-up.png\":","{","\t\"frame\": {\"x\":273,\"y\":348,\"w\":251,\"h\":305},","\t\"rotated\": false,","\t\"trimmed\": false,","\t\"spriteSourceSize\": {\"x\":0,\"y\":0,\"w\":147,\"h\":189},","\t\"sourceSize\": {\"w\":147,\"h\":189}","},","\"run-01.png\":","{","\t\"frame\": {\"x\":251,\"y\":235,\"w\":284,\"h\":262},","\t\"rotated\": false,","\t\"trimmed\": false,","\t\"spriteSourceSize\": {\"x\":0,\"y\":0,\"w\":149,\"h\":237},","\t\"sourceSize\": {\"w\":149,\"h\":237}","},","\"run-02.png\":","{","\t\"frame\": {\"x\":283,\"y\":235,\"w\":314,\"h\":262},","\t\"rotated\": false,","\t\"trimmed\": false,","\t\"spriteSourceSize\": {\"x\":0,\"y\":0,\"w\":149,\"h\":237},","\t\"sourceSize\": {\"w\":149,\"h\":237}","}},","","\"meta\": {","\t\"app\": \"http://www.codeandweb.com/texturepacker \",","\t\"version\": \"1.0\",","\t\"image\": \"narutospritesheet.png\",","\t\"format\": \"RGBA8888\",","\t\"size\": {\"w\":501,\"h\":833},","\t\"scale\": \"1\",","\t\"smartupdate\": \"$TexturePacker:SmartUpdate:6e8df5801bc1d163b12a2409b6417b50:1/1$\"","}","}",""],"id":278,"ignore":true},{"start":{"row":0,"column":0},"end":{"row":100,"column":0},"action":"insert","lines":["{\"frames\": {","","\"hit-wall.png\":","{","\t\"frame\": {\"x\":604,\"y\":239,\"w\":177,\"h\":196},","\t\"rotated\": false,","\t\"trimmed\": false,","\t\"spriteSourceSize\": {\"x\":0,\"y\":0,\"w\":177,\"h\":196},","\t\"sourceSize\": {\"w\":177,\"h\":196}","},","\"jump-down.png\":","{","\t\"frame\": {\"x\":0,\"y\":0,\"w\":141,\"h\":234},","\t\"rotated\": false,","\t\"trimmed\": false,","\t\"spriteSourceSize\": {\"x\":0,\"y\":0,\"w\":141,\"h\":234},","\t\"sourceSize\": {\"w\":141,\"h\":234}","},","\"jump-up.png\":","{","\t\"frame\": {\"x\":143,\"y\":0,\"w\":147,\"h\":189},","\t\"rotated\": false,","\t\"trimmed\": false,","\t\"spriteSourceSize\": {\"x\":0,\"y\":0,\"w\":147,\"h\":189},","\t\"sourceSize\": {\"w\":147,\"h\":189}","},","\"run-01.png\":","{","\t\"frame\": {\"x\":151,\"y\":239,\"w\":149,\"h\":237},","\t\"rotated\": false,","\t\"trimmed\": false,","\t\"spriteSourceSize\": {\"x\":0,\"y\":0,\"w\":149,\"h\":237},","\t\"sourceSize\": {\"w\":149,\"h\":237}","},","\"run-02.png\":","{","\t\"frame\": {\"x\":453,\"y\":239,\"w\":149,\"h\":237},","\t\"rotated\": false,","\t\"trimmed\": false,","\t\"spriteSourceSize\": {\"x\":0,\"y\":0,\"w\":149,\"h\":237},","\t\"sourceSize\": {\"w\":149,\"h\":237}","},","\"run-03.png\":","{","\t\"frame\": {\"x\":0,\"y\":239,\"w\":149,\"h\":237},","\t\"rotated\": false,","\t\"trimmed\": false,","\t\"spriteSourceSize\": {\"x\":0,\"y\":0,\"w\":149,\"h\":237},","\t\"sourceSize\": {\"w\":149,\"h\":237}","},","\"run-04.png\":","{","\t\"frame\": {\"x\":745,\"y\":0,\"w\":149,\"h\":237},","\t\"rotated\": false,","\t\"trimmed\": false,","\t\"spriteSourceSize\": {\"x\":0,\"y\":0,\"w\":149,\"h\":237},","\t\"sourceSize\": {\"w\":149,\"h\":237}","},","\"run-05.png\":","{","\t\"frame\": {\"x\":292,\"y\":0,\"w\":149,\"h\":237},","\t\"rotated\": false,","\t\"trimmed\": false,","\t\"spriteSourceSize\": {\"x\":0,\"y\":0,\"w\":149,\"h\":237},","\t\"sourceSize\": {\"w\":149,\"h\":237}","},","\"run-06.png\":","{","\t\"frame\": {\"x\":443,\"y\":0,\"w\":149,\"h\":237},","\t\"rotated\": false,","\t\"trimmed\": false,","\t\"spriteSourceSize\": {\"x\":0,\"y\":0,\"w\":149,\"h\":237},","\t\"sourceSize\": {\"w\":149,\"h\":237}","},","\"run-07.png\":","{","\t\"frame\": {\"x\":594,\"y\":0,\"w\":149,\"h\":237},","\t\"rotated\": false,","\t\"trimmed\": false,","\t\"spriteSourceSize\": {\"x\":0,\"y\":0,\"w\":149,\"h\":237},","\t\"sourceSize\": {\"w\":149,\"h\":237}","},","\"run-08.png\":","{","\t\"frame\": {\"x\":302,\"y\":239,\"w\":149,\"h\":237},","\t\"rotated\": false,","\t\"trimmed\": false,","\t\"spriteSourceSize\": {\"x\":0,\"y\":0,\"w\":149,\"h\":237},","\t\"sourceSize\": {\"w\":149,\"h\":237}","}},","\"meta\": {","\t\"app\": \"http://www.codeandweb.com/texturepacker \",","\t\"version\": \"1.0\",","\t\"image\": \"player.png\",","\t\"format\": \"RGBA8888\",","\t\"size\": {\"w\":896,\"h\":476},","\t\"scale\": \"1\",","\t\"smartupdate\": \"$TexturePacker:SmartUpdate:6e8df5801bc1d163b12a2409b6417b50:1/1$\"","}","}",""]}],[{"start":{"row":0,"column":0},"end":{"row":100,"column":0},"action":"remove","lines":["{\"frames\": {","","\"hit-wall.png\":","{","\t\"frame\": {\"x\":604,\"y\":239,\"w\":177,\"h\":196},","\t\"rotated\": false,","\t\"trimmed\": false,","\t\"spriteSourceSize\": {\"x\":0,\"y\":0,\"w\":177,\"h\":196},","\t\"sourceSize\": {\"w\":177,\"h\":196}","},","\"jump-down.png\":","{","\t\"frame\": {\"x\":0,\"y\":0,\"w\":141,\"h\":234},","\t\"rotated\": false,","\t\"trimmed\": false,","\t\"spriteSourceSize\": {\"x\":0,\"y\":0,\"w\":141,\"h\":234},","\t\"sourceSize\": {\"w\":141,\"h\":234}","},","\"jump-up.png\":","{","\t\"frame\": {\"x\":143,\"y\":0,\"w\":147,\"h\":189},","\t\"rotated\": false,","\t\"trimmed\": false,","\t\"spriteSourceSize\": {\"x\":0,\"y\":0,\"w\":147,\"h\":189},","\t\"sourceSize\": {\"w\":147,\"h\":189}","},","\"run-01.png\":","{","\t\"frame\": {\"x\":151,\"y\":239,\"w\":149,\"h\":237},","\t\"rotated\": false,","\t\"trimmed\": false,","\t\"spriteSourceSize\": {\"x\":0,\"y\":0,\"w\":149,\"h\":237},","\t\"sourceSize\": {\"w\":149,\"h\":237}","},","\"run-02.png\":","{","\t\"frame\": {\"x\":453,\"y\":239,\"w\":149,\"h\":237},","\t\"rotated\": false,","\t\"trimmed\": false,","\t\"spriteSourceSize\": {\"x\":0,\"y\":0,\"w\":149,\"h\":237},","\t\"sourceSize\": {\"w\":149,\"h\":237}","},","\"run-03.png\":","{","\t\"frame\": {\"x\":0,\"y\":239,\"w\":149,\"h\":237},","\t\"rotated\": false,","\t\"trimmed\": false,","\t\"spriteSourceSize\": {\"x\":0,\"y\":0,\"w\":149,\"h\":237},","\t\"sourceSize\": {\"w\":149,\"h\":237}","},","\"run-04.png\":","{","\t\"frame\": {\"x\":745,\"y\":0,\"w\":149,\"h\":237},","\t\"rotated\": false,","\t\"trimmed\": false,","\t\"spriteSourceSize\": {\"x\":0,\"y\":0,\"w\":149,\"h\":237},","\t\"sourceSize\": {\"w\":149,\"h\":237}","},","\"run-05.png\":","{","\t\"frame\": {\"x\":292,\"y\":0,\"w\":149,\"h\":237},","\t\"rotated\": false,","\t\"trimmed\": false,","\t\"spriteSourceSize\": {\"x\":0,\"y\":0,\"w\":149,\"h\":237},","\t\"sourceSize\": {\"w\":149,\"h\":237}","},","\"run-06.png\":","{","\t\"frame\": {\"x\":443,\"y\":0,\"w\":149,\"h\":237},","\t\"rotated\": false,","\t\"trimmed\": false,","\t\"spriteSourceSize\": {\"x\":0,\"y\":0,\"w\":149,\"h\":237},","\t\"sourceSize\": {\"w\":149,\"h\":237}","},","\"run-07.png\":","{","\t\"frame\": {\"x\":594,\"y\":0,\"w\":149,\"h\":237},","\t\"rotated\": false,","\t\"trimmed\": false,","\t\"spriteSourceSize\": {\"x\":0,\"y\":0,\"w\":149,\"h\":237},","\t\"sourceSize\": {\"w\":149,\"h\":237}","},","\"run-08.png\":","{","\t\"frame\": {\"x\":302,\"y\":239,\"w\":149,\"h\":237},","\t\"rotated\": false,","\t\"trimmed\": false,","\t\"spriteSourceSize\": {\"x\":0,\"y\":0,\"w\":149,\"h\":237},","\t\"sourceSize\": {\"w\":149,\"h\":237}","}},","\"meta\": {","\t\"app\": \"http://www.codeandweb.com/texturepacker \",","\t\"version\": \"1.0\",","\t\"image\": \"player.png\",","\t\"format\": \"RGBA8888\",","\t\"size\": {\"w\":896,\"h\":476},","\t\"scale\": \"1\",","\t\"smartupdate\": \"$TexturePacker:SmartUpdate:6e8df5801bc1d163b12a2409b6417b50:1/1$\"","}","}",""],"id":279,"ignore":true},{"start":{"row":0,"column":0},"end":{"row":54,"column":0},"action":"insert","lines":["","{\"frames\": {","","\"hit-wall.png\":","{","\t\"frame\": {\"x\":359,\"y\":348,\"w\":391,\"h\":386},","\t\"rotated\": false,","\t\"trimmed\": false,","\t\"spriteSourceSize\": {\"x\":0,\"y\":0,\"w\":177,\"h\":196},","\t\"sourceSize\": {\"w\":177,\"h\":196}","},","\"jump-down.png\":","{","\t\"frame\": {\"x\":273,\"y\":348,\"w\":251,\"h\":305},","\t\"rotated\": false,","\t\"trimmed\": false,","\t\"spriteSourceSize\": {\"x\":0,\"y\":0,\"w\":141,\"h\":234},","\t\"sourceSize\": {\"w\":141,\"h\":234}","},","\"jump-up.png\":","{","\t\"frame\": {\"x\":273,\"y\":348,\"w\":251,\"h\":305},","\t\"rotated\": false,","\t\"trimmed\": false,","\t\"spriteSourceSize\": {\"x\":0,\"y\":0,\"w\":147,\"h\":189},","\t\"sourceSize\": {\"w\":147,\"h\":189}","},","\"run-01.png\":","{","\t\"frame\": {\"x\":251,\"y\":235,\"w\":284,\"h\":262},","\t\"rotated\": false,","\t\"trimmed\": false,","\t\"spriteSourceSize\": {\"x\":0,\"y\":0,\"w\":149,\"h\":237},","\t\"sourceSize\": {\"w\":149,\"h\":237}","},","\"run-02.png\":","{","\t\"frame\": {\"x\":283,\"y\":235,\"w\":314,\"h\":262},","\t\"rotated\": false,","\t\"trimmed\": false,","\t\"spriteSourceSize\": {\"x\":0,\"y\":0,\"w\":149,\"h\":237},","\t\"sourceSize\": {\"w\":149,\"h\":237}","}},","","\"meta\": {","\t\"app\": \"http://www.codeandweb.com/texturepacker \",","\t\"version\": \"1.0\",","\t\"image\": \"narutospritesheet.png\",","\t\"format\": \"RGBA8888\",","\t\"size\": {\"w\":501,\"h\":833},","\t\"scale\": \"1\",","\t\"smartupdate\": \"$TexturePacker:SmartUpdate:6e8df5801bc1d163b12a2409b6417b50:1/1$\"","}","}",""]}],[{"start":{"row":5,"column":31},"end":{"row":5,"column":34},"action":"remove","lines":["391"],"id":280,"ignore":true}],[{"start":{"row":5,"column":31},"end":{"row":5,"column":33},"action":"insert","lines":["32"],"id":281,"ignore":true}],[{"start":{"row":5,"column":38},"end":{"row":5,"column":41},"action":"remove","lines":["386"],"id":282,"ignore":true},{"start":{"row":5,"column":38},"end":{"row":5,"column":40},"action":"insert","lines":["38"]}],[{"start":{"row":13,"column":15},"end":{"row":13,"column":18},"action":"remove","lines":["273"],"id":283,"ignore":true},{"start":{"row":13,"column":15},"end":{"row":13,"column":18},"action":"insert","lines":["251"]},{"start":{"row":13,"column":31},"end":{"row":13,"column":34},"action":"remove","lines":["251"]}],[{"start":{"row":13,"column":31},"end":{"row":13,"column":33},"action":"insert","lines":["22"],"id":284,"ignore":true}],[{"start":{"row":13,"column":24},"end":{"row":13,"column":26},"action":"remove","lines":["48"],"id":285,"ignore":true},{"start":{"row":13,"column":24},"end":{"row":13,"column":25},"action":"insert","lines":["0"]}],[{"start":{"row":13,"column":25},"end":{"row":13,"column":26},"action":"insert","lines":["3"],"id":286,"ignore":true},{"start":{"row":13,"column":38},"end":{"row":13,"column":41},"action":"remove","lines":["305"]},{"start":{"row":13,"column":38},"end":{"row":13,"column":40},"action":"insert","lines":["43"]}],[{"start":{"row":21,"column":15},"end":{"row":21,"column":18},"action":"remove","lines":["273"],"id":287,"ignore":true},{"start":{"row":21,"column":15},"end":{"row":21,"column":18},"action":"insert","lines":["251"]}],[{"start":{"row":21,"column":31},"end":{"row":21,"column":34},"action":"remove","lines":["251"],"id":288,"ignore":true},{"start":{"row":21,"column":31},"end":{"row":21,"column":33},"action":"insert","lines":["22"]}],[{"start":{"row":21,"column":23},"end":{"row":21,"column":26},"action":"remove","lines":["348"],"id":289,"ignore":true},{"start":{"row":21,"column":23},"end":{"row":21,"column":26},"action":"insert","lines":["305"]},{"start":{"row":21,"column":38},"end":{"row":21,"column":41},"action":"remove","lines":["305"]},{"start":{"row":21,"column":38},"end":{"row":21,"column":40},"action":"insert","lines":["43"]}],[{"start":{"row":29,"column":31},"end":{"row":29,"column":34},"action":"remove","lines":["284"],"id":290,"ignore":true},{"start":{"row":29,"column":31},"end":{"row":29,"column":33},"action":"insert","lines":["33"]}],[{"start":{"row":29,"column":38},"end":{"row":29,"column":41},"action":"remove","lines":["262"],"id":291,"ignore":true}],[{"start":{"row":29,"column":38},"end":{"row":29,"column":40},"action":"insert","lines":["27"],"id":292,"ignore":true}],[{"start":{"row":37,"column":31},"end":{"row":37,"column":34},"action":"remove","lines":["314"],"id":293,"ignore":true},{"start":{"row":37,"column":31},"end":{"row":37,"column":33},"action":"insert","lines":["31"]}],[{"start":{"row":37,"column":38},"end":{"row":37,"column":41},"action":"remove","lines":["262"],"id":294,"ignore":true},{"start":{"row":37,"column":38},"end":{"row":37,"column":40},"action":"insert","lines":["27"]}],[{"start":{"row":37,"column":32},"end":{"row":37,"column":33},"action":"remove","lines":["1"],"id":295,"ignore":true},{"start":{"row":37,"column":32},"end":{"row":37,"column":33},"action":"insert","lines":["3"]}],[{"start":{"row":29,"column":39},"end":{"row":29,"column":40},"action":"remove","lines":["7"],"id":296}],[{"start":{"row":29,"column":38},"end":{"row":29,"column":39},"action":"remove","lines":["2"],"id":297}],[{"start":{"row":29,"column":38},"end":{"row":29,"column":39},"action":"insert","lines":["4"],"id":298}],[{"start":{"row":29,"column":39},"end":{"row":29,"column":40},"action":"insert","lines":["3"],"id":299}],[{"start":{"row":37,"column":39},"end":{"row":37,"column":40},"action":"remove","lines":["7"],"id":300}],[{"start":{"row":37,"column":38},"end":{"row":37,"column":39},"action":"remove","lines":["2"],"id":301}],[{"start":{"row":37,"column":38},"end":{"row":37,"column":39},"action":"insert","lines":["4"],"id":302}],[{"start":{"row":37,"column":39},"end":{"row":37,"column":40},"action":"insert","lines":["3"],"id":303}],[{"start":{"row":29,"column":25},"end":{"row":29,"column":26},"action":"remove","lines":["5"],"id":304}],[{"start":{"row":29,"column":24},"end":{"row":29,"column":25},"action":"remove","lines":["3"],"id":305}],[{"start":{"row":29,"column":24},"end":{"row":29,"column":25},"action":"insert","lines":["2"],"id":306}],[{"start":{"row":29,"column":24},"end":{"row":29,"column":25},"action":"remove","lines":["2"],"id":307}],[{"start":{"row":29,"column":24},"end":{"row":29,"column":25},"action":"insert","lines":["1"],"id":308}],[{"start":{"row":29,"column":25},"end":{"row":29,"column":26},"action":"insert","lines":["5"],"id":309}],[{"start":{"row":37,"column":24},"end":{"row":37,"column":25},"action":"remove","lines":["3"],"id":310}],[{"start":{"row":37,"column":24},"end":{"row":37,"column":25},"action":"insert","lines":["1"],"id":311}],[{"start":{"row":37,"column":25},"end":{"row":37,"column":26},"action":"remove","lines":["5"],"id":312}],[{"start":{"row":37,"column":24},"end":{"row":37,"column":25},"action":"remove","lines":["1"],"id":313}],[{"start":{"row":37,"column":24},"end":{"row":37,"column":25},"action":"insert","lines":["2"],"id":314}],[{"start":{"row":37,"column":25},"end":{"row":37,"column":26},"action":"insert","lines":["0"],"id":315}],[{"start":{"row":37,"column":25},"end":{"row":37,"column":26},"action":"remove","lines":["0"],"id":316}],[{"start":{"row":37,"column":25},"end":{"row":37,"column":26},"action":"insert","lines":["5"],"id":317}],[{"start":{"row":29,"column":24},"end":{"row":29,"column":25},"action":"remove","lines":["1"],"id":318}],[{"start":{"row":29,"column":24},"end":{"row":29,"column":25},"action":"insert","lines":["2"],"id":319}],[{"start":{"row":29,"column":25},"end":{"row":29,"column":26},"action":"remove","lines":["5"],"id":320}],[{"start":{"row":29,"column":24},"end":{"row":29,"column":25},"action":"remove","lines":["2"],"id":321}],[{"start":{"row":29,"column":24},"end":{"row":29,"column":25},"action":"insert","lines":["3"],"id":322}],[{"start":{"row":29,"column":25},"end":{"row":29,"column":26},"action":"insert","lines":["0"],"id":323}],[{"start":{"row":37,"column":25},"end":{"row":37,"column":26},"action":"remove","lines":["5"],"id":324}],[{"start":{"row":37,"column":24},"end":{"row":37,"column":25},"action":"remove","lines":["2"],"id":325}],[{"start":{"row":37,"column":24},"end":{"row":37,"column":25},"action":"insert","lines":["3"],"id":326}],[{"start":{"row":37,"column":25},"end":{"row":37,"column":26},"action":"insert","lines":["0"],"id":327}],[{"start":{"row":29,"column":25},"end":{"row":29,"column":26},"action":"remove","lines":["0"],"id":328}],[{"start":{"row":29,"column":24},"end":{"row":29,"column":25},"action":"remove","lines":["3"],"id":329}],[{"start":{"row":29,"column":24},"end":{"row":29,"column":25},"action":"insert","lines":["2"],"id":330}],[{"start":{"row":29,"column":25},"end":{"row":29,"column":26},"action":"insert","lines":["-"],"id":331},{"start":{"row":29,"column":26},"end":{"row":29,"column":27},"action":"insert","lines":["0"]}],[{"start":{"row":29,"column":26},"end":{"row":29,"column":27},"action":"remove","lines":["0"],"id":332}],[{"start":{"row":29,"column":25},"end":{"row":29,"column":26},"action":"remove","lines":["-"],"id":333}],[{"start":{"row":29,"column":25},"end":{"row":29,"column":26},"action":"insert","lines":["0"],"id":334}],[{"start":{"row":37,"column":24},"end":{"row":37,"column":25},"action":"remove","lines":["3"],"id":335}],[{"start":{"row":37,"column":24},"end":{"row":37,"column":25},"action":"insert","lines":["2"],"id":336}],[{"start":{"row":29,"column":25},"end":{"row":29,"column":26},"action":"remove","lines":["0"],"id":337}],[{"start":{"row":29,"column":25},"end":{"row":29,"column":26},"action":"insert","lines":["2"],"id":338}],[{"start":{"row":37,"column":25},"end":{"row":37,"column":26},"action":"remove","lines":["0"],"id":339}],[{"start":{"row":37,"column":25},"end":{"row":37,"column":26},"action":"insert","lines":["2"],"id":340}],[{"start":{"row":29,"column":25},"end":{"row":29,"column":26},"action":"remove","lines":["2"],"id":341}],[{"start":{"row":29,"column":25},"end":{"row":29,"column":26},"action":"insert","lines":["3"],"id":342}],[{"start":{"row":37,"column":26},"end":{"row":37,"column":27},"action":"insert","lines":["3"],"id":343}],[{"start":{"row":37,"column":26},"end":{"row":37,"column":27},"action":"remove","lines":["3"],"id":344}],[{"start":{"row":37,"column":25},"end":{"row":37,"column":26},"action":"remove","lines":["2"],"id":345}],[{"start":{"row":37,"column":25},"end":{"row":37,"column":26},"action":"insert","lines":["3"],"id":346}],[{"start":{"row":37,"column":39},"end":{"row":37,"column":40},"action":"remove","lines":["3"],"id":347}],[{"start":{"row":37,"column":39},"end":{"row":37,"column":40},"action":"insert","lines":["2"],"id":348}],[{"start":{"row":29,"column":39},"end":{"row":29,"column":40},"action":"remove","lines":["3"],"id":349}],[{"start":{"row":29,"column":39},"end":{"row":29,"column":40},"action":"insert","lines":["2"],"id":350}],[{"start":{"row":29,"column":39},"end":{"row":29,"column":40},"action":"remove","lines":["2"],"id":351}],[{"start":{"row":29,"column":39},"end":{"row":29,"column":40},"action":"insert","lines":["1"],"id":352}],[{"start":{"row":37,"column":39},"end":{"row":37,"column":40},"action":"remove","lines":["2"],"id":353}],[{"start":{"row":37,"column":39},"end":{"row":37,"column":40},"action":"insert","lines":["1"],"id":354}],[{"start":{"row":21,"column":39},"end":{"row":21,"column":40},"action":"remove","lines":["3"],"id":355}],[{"start":{"row":21,"column":39},"end":{"row":21,"column":40},"action":"insert","lines":["1"],"id":356}]]},"ace":{"folds":[],"scrolltop":267,"scrollleft":0,"selection":{"start":{"row":21,"column":40},"end":{"row":21,"column":40},"isBackwards":false},"options":{"guessTabSize":true,"useWrapMode":false,"wrapToView":true},"firstLineState":0},"timestamp":1482010886066,"hash":"5e1c3dfbb15783cb44aa36c865608de0e82197ed"}