{"filter":false,"title":"coin.json","tooltip":"/images/panda.js-engine-games/endlessrunner/media/coin.json","undoManager":{"mark":26,"position":26,"stack":[[{"start":{"row":14,"column":11},"end":{"row":14,"column":25},"action":"remove","lines":["waterdrop-icon"],"id":2},{"start":{"row":14,"column":11},"end":{"row":14,"column":12},"action":"insert","lines":["c"]}],[{"start":{"row":14,"column":12},"end":{"row":14,"column":13},"action":"insert","lines":["l"],"id":3}],[{"start":{"row":14,"column":13},"end":{"row":14,"column":14},"action":"insert","lines":["e"],"id":4}],[{"start":{"row":14,"column":14},"end":{"row":14,"column":15},"action":"insert","lines":["a"],"id":5}],[{"start":{"row":14,"column":15},"end":{"row":14,"column":16},"action":"insert","lines":["r"],"id":6}],[{"start":{"row":14,"column":16},"end":{"row":14,"column":17},"action":"insert","lines":["w"],"id":7}],[{"start":{"row":14,"column":17},"end":{"row":14,"column":18},"action":"insert","lines":["a"],"id":8}],[{"start":{"row":14,"column":18},"end":{"row":14,"column":19},"action":"insert","lines":["t"],"id":9}],[{"start":{"row":14,"column":19},"end":{"row":14,"column":20},"action":"insert","lines":["e"],"id":10}],[{"start":{"row":14,"column":20},"end":{"row":14,"column":21},"action":"insert","lines":["r"],"id":11}],[{"start":{"row":14,"column":21},"end":{"row":14,"column":22},"action":"insert","lines":["d"],"id":12}],[{"start":{"row":14,"column":22},"end":{"row":14,"column":23},"action":"insert","lines":["r"],"id":13}],[{"start":{"row":14,"column":23},"end":{"row":14,"column":24},"action":"insert","lines":["o"],"id":14}],[{"start":{"row":14,"column":24},"end":{"row":14,"column":25},"action":"insert","lines":["p"],"id":15}],[{"start":{"row":16,"column":16},"end":{"row":16,"column":17},"action":"remove","lines":["2"],"id":16}],[{"start":{"row":16,"column":15},"end":{"row":16,"column":16},"action":"remove","lines":["9"],"id":17}],[{"start":{"row":16,"column":14},"end":{"row":16,"column":15},"action":"remove","lines":["1"],"id":18}],[{"start":{"row":16,"column":14},"end":{"row":16,"column":15},"action":"insert","lines":["4"],"id":19}],[{"start":{"row":16,"column":15},"end":{"row":16,"column":16},"action":"insert","lines":["2"],"id":20}],[{"start":{"row":16,"column":16},"end":{"row":16,"column":17},"action":"insert","lines":["0"],"id":21}],[{"start":{"row":16,"column":22},"end":{"row":16,"column":25},"action":"remove","lines":["192"],"id":22},{"start":{"row":16,"column":22},"end":{"row":16,"column":25},"action":"insert","lines":["420"]}],[{"start":{"row":8,"column":28},"end":{"row":8,"column":31},"action":"remove","lines":["192"],"id":23},{"start":{"row":8,"column":28},"end":{"row":8,"column":31},"action":"insert","lines":["420"]}],[{"start":{"row":8,"column":20},"end":{"row":8,"column":23},"action":"remove","lines":["192"],"id":24},{"start":{"row":8,"column":20},"end":{"row":8,"column":23},"action":"insert","lines":["420"]}],[{"start":{"row":7,"column":38},"end":{"row":7,"column":41},"action":"remove","lines":["192"],"id":25},{"start":{"row":7,"column":38},"end":{"row":7,"column":41},"action":"insert","lines":["420"]}],[{"start":{"row":7,"column":46},"end":{"row":7,"column":49},"action":"remove","lines":["192"],"id":26},{"start":{"row":7,"column":46},"end":{"row":7,"column":49},"action":"insert","lines":["420"]}],[{"start":{"row":4,"column":35},"end":{"row":4,"column":38},"action":"remove","lines":["192"],"id":27},{"start":{"row":4,"column":35},"end":{"row":4,"column":38},"action":"insert","lines":["420"]}],[{"start":{"row":4,"column":27},"end":{"row":4,"column":30},"action":"remove","lines":["192"],"id":28},{"start":{"row":4,"column":27},"end":{"row":4,"column":30},"action":"insert","lines":["420"]}]]},"ace":{"folds":[],"scrolltop":0,"scrollleft":0,"selection":{"start":{"row":6,"column":18},"end":{"row":6,"column":18},"isBackwards":false},"options":{"guessTabSize":true,"useWrapMode":false,"wrapToView":true},"firstLineState":0},"timestamp":1482002159305,"hash":"0310f275f4e5a28cb77219292b862551d8625801"}