{"filter":false,"title":"player.json","tooltip":"/images/panda.js-engine-games/endlessrunner/media/player.json","undoManager":{"mark":-1,"position":-1,"stack":[]},"ace":{"folds":[],"scrolltop":10.5,"scrollleft":0,"selection":{"start":{"row":0,"column":0},"end":{"row":100,"column":0},"isBackwards":false},"options":{"guessTabSize":true,"useWrapMode":false,"wrapToView":true},"firstLineState":{"row":11,"state":"start","mode":"ace/mode/json"}},"timestamp":1482007422766,"hash":"aabbf52e3850af4fe262c2264da8ff08b716a7b2"}