{"frames": {

"tile1_01.png":
{
	"frame": {"x":0,"y":0,"w":80,"h":76},
	"rotated": false,
	"trimmed": false,
	"spriteSourceSize": {"x":0,"y":0,"w":80,"h":76},
	"sourceSize": {"w":80,"h":76}
},
"tile1_02.png":
{
	"frame": {"x":82,"y":0,"w":80,"h":76},
	"rotated": false,
	"trimmed": false,
	"spriteSourceSize": {"x":0,"y":0,"w":80,"h":76},
	"sourceSize": {"w":80,"h":76}
},
"tile1_03.png":
{
	"frame": {"x":164,"y":0,"w":80,"h":76},
	"rotated": false,
	"trimmed": false,
	"spriteSourceSize": {"x":0,"y":0,"w":80,"h":76},
	"sourceSize": {"w":80,"h":76}
},
"tile1_04.png":
{
	"frame": {"x":82,"y":0,"w":80,"h":76},
	"rotated": false,
	"trimmed": false,
	"spriteSourceSize": {"x":0,"y":0,"w":80,"h":76},
	"sourceSize": {"w":80,"h":76}
},
"tile2_01.png":
{
	"frame": {"x":246,"y":0,"w":80,"h":76},
	"rotated": false,
	"trimmed": false,
	"spriteSourceSize": {"x":0,"y":0,"w":80,"h":76},
	"sourceSize": {"w":80,"h":76}
},
"tile2_02.png":
{
	"frame": {"x":328,"y":0,"w":80,"h":76},
	"rotated": false,
	"trimmed": false,
	"spriteSourceSize": {"x":0,"y":0,"w":80,"h":76},
	"sourceSize": {"w":80,"h":76}
},
"tile2_03.png":
{
	"frame": {"x":410,"y":0,"w":80,"h":76},
	"rotated": false,
	"trimmed": false,
	"spriteSourceSize": {"x":0,"y":0,"w":80,"h":76},
	"sourceSize": {"w":80,"h":76}
},
"tile2_04.png":
{
	"frame": {"x":328,"y":0,"w":80,"h":76},
	"rotated": false,
	"trimmed": false,
	"spriteSourceSize": {"x":0,"y":0,"w":80,"h":76},
	"sourceSize": {"w":80,"h":76}
},
"tile3_01.png":
{
	"frame": {"x":0,"y":78,"w":80,"h":76},
	"rotated": false,
	"trimmed": false,
	"spriteSourceSize": {"x":0,"y":0,"w":80,"h":76},
	"sourceSize": {"w":80,"h":76}
},
"tile3_02.png":
{
	"frame": {"x":82,"y":78,"w":80,"h":76},
	"rotated": false,
	"trimmed": false,
	"spriteSourceSize": {"x":0,"y":0,"w":80,"h":76},
	"sourceSize": {"w":80,"h":76}
},
"tile3_03.png":
{
	"frame": {"x":164,"y":78,"w":80,"h":76},
	"rotated": false,
	"trimmed": false,
	"spriteSourceSize": {"x":0,"y":0,"w":80,"h":76},
	"sourceSize": {"w":80,"h":76}
},
"tile3_04.png":
{
	"frame": {"x":82,"y":78,"w":80,"h":76},
	"rotated": false,
	"trimmed": false,
	"spriteSourceSize": {"x":0,"y":0,"w":80,"h":76},
	"sourceSize": {"w":80,"h":76}
},
"tile4_01.png":
{
	"frame": {"x":246,"y":78,"w":80,"h":76},
	"rotated": false,
	"trimmed": false,
	"spriteSourceSize": {"x":0,"y":0,"w":80,"h":76},
	"sourceSize": {"w":80,"h":76}
},
"tile4_02.png":
{
	"frame": {"x":328,"y":78,"w":80,"h":76},
	"rotated": false,
	"trimmed": false,
	"spriteSourceSize": {"x":0,"y":0,"w":80,"h":76},
	"sourceSize": {"w":80,"h":76}
},
"tile4_03.png":
{
	"frame": {"x":410,"y":78,"w":80,"h":76},
	"rotated": false,
	"trimmed": false,
	"spriteSourceSize": {"x":0,"y":0,"w":80,"h":76},
	"sourceSize": {"w":80,"h":76}
},
"tile4_04.png":
{
	"frame": {"x":328,"y":78,"w":80,"h":76},
	"rotated": false,
	"trimmed": false,
	"spriteSourceSize": {"x":0,"y":0,"w":80,"h":76},
	"sourceSize": {"w":80,"h":76}
},
"tile5_01.png":
{
	"frame": {"x":0,"y":156,"w":80,"h":76},
	"rotated": false,
	"trimmed": false,
	"spriteSourceSize": {"x":0,"y":0,"w":80,"h":76},
	"sourceSize": {"w":80,"h":76}
},
"tile5_02.png":
{
	"frame": {"x":82,"y":156,"w":80,"h":76},
	"rotated": false,
	"trimmed": false,
	"spriteSourceSize": {"x":0,"y":0,"w":80,"h":76},
	"sourceSize": {"w":80,"h":76}
},
"tile5_03.png":
{
	"frame": {"x":164,"y":156,"w":80,"h":76},
	"rotated": false,
	"trimmed": false,
	"spriteSourceSize": {"x":0,"y":0,"w":80,"h":76},
	"sourceSize": {"w":80,"h":76}
},
"tile5_04.png":
{
	"frame": {"x":82,"y":156,"w":80,"h":76},
	"rotated": false,
	"trimmed": false,
	"spriteSourceSize": {"x":0,"y":0,"w":80,"h":76},
	"sourceSize": {"w":80,"h":76}
},
"tile6_01.png":
{
	"frame": {"x":246,"y":156,"w":80,"h":76},
	"rotated": false,
	"trimmed": false,
	"spriteSourceSize": {"x":0,"y":0,"w":80,"h":76},
	"sourceSize": {"w":80,"h":76}
},
"tile6_02.png":
{
	"frame": {"x":328,"y":156,"w":80,"h":76},
	"rotated": false,
	"trimmed": false,
	"spriteSourceSize": {"x":0,"y":0,"w":80,"h":76},
	"sourceSize": {"w":80,"h":76}
},
"tile6_03.png":
{
	"frame": {"x":410,"y":156,"w":80,"h":76},
	"rotated": false,
	"trimmed": false,
	"spriteSourceSize": {"x":0,"y":0,"w":80,"h":76},
	"sourceSize": {"w":80,"h":76}
},
"tile6_04.png":
{
	"frame": {"x":328,"y":156,"w":80,"h":76},
	"rotated": false,
	"trimmed": false,
	"spriteSourceSize": {"x":0,"y":0,"w":80,"h":76},
	"sourceSize": {"w":80,"h":76}
},
"tile7_01.png":
{
	"frame": {"x":0,"y":234,"w":80,"h":76},
	"rotated": false,
	"trimmed": false,
	"spriteSourceSize": {"x":0,"y":0,"w":80,"h":76},
	"sourceSize": {"w":80,"h":76}
},
"tile7_02.png":
{
	"frame": {"x":82,"y":234,"w":80,"h":76},
	"rotated": false,
	"trimmed": false,
	"spriteSourceSize": {"x":0,"y":0,"w":80,"h":76},
	"sourceSize": {"w":80,"h":76}
},
"tile7_03.png":
{
	"frame": {"x":164,"y":234,"w":80,"h":76},
	"rotated": false,
	"trimmed": false,
	"spriteSourceSize": {"x":0,"y":0,"w":80,"h":76},
	"sourceSize": {"w":80,"h":76}
},
"tile7_04.png":
{
	"frame": {"x":82,"y":234,"w":80,"h":76},
	"rotated": false,
	"trimmed": false,
	"spriteSourceSize": {"x":0,"y":0,"w":80,"h":76},
	"sourceSize": {"w":80,"h":76}
}},
"meta": {
	"app": "http://www.codeandweb.com/texturepacker ",
	"version": "1.0",
	"image": "tiles.png",
	"format": "RGBA8888",
	"size": {"w":492,"h":310},
	"scale": "1",
	"smartupdate": "$TexturePacker:SmartUpdate:4249636c8e91ab509592f248159b3c33:1/1$"
}
}
