
{"frames": {

"hit-wall.png":
{
	"frame": {"x":359,"y":348,"w":32,"h":38},
	"rotated": false,
	"trimmed": false,
	"spriteSourceSize": {"x":0,"y":0,"w":177,"h":196},
	"sourceSize": {"w":177,"h":196}
},
"jump-down.png":
{
	"frame": {"x":251,"y":303,"w":22,"h":43},
	"rotated": false,
	"trimmed": false,
	"spriteSourceSize": {"x":0,"y":0,"w":141,"h":234},
	"sourceSize": {"w":141,"h":234}
},
"jump-up.png":
{
	"frame": {"x":251,"y":305,"w":22,"h":41},
	"rotated": false,
	"trimmed": false,
	"spriteSourceSize": {"x":0,"y":0,"w":147,"h":189},
	"sourceSize": {"w":147,"h":189}
},
"run-01.png":
{
	"frame": {"x":251,"y":223,"w":33,"h":41},
	"rotated": false,
	"trimmed": false,
	"spriteSourceSize": {"x":0,"y":0,"w":149,"h":237},
	"sourceSize": {"w":149,"h":237}
},
"run-02.png":
{
	"frame": {"x":283,"y":223,"w":33,"h":41},
	"rotated": false,
	"trimmed": false,
	"spriteSourceSize": {"x":0,"y":0,"w":149,"h":237},
	"sourceSize": {"w":149,"h":237}
}},

"meta": {
	"app": "http://www.codeandweb.com/texturepacker ",
	"version": "1.0",
	"image": "narutospritesheet.png",
	"format": "RGBA8888",
	"size": {"w":501,"h":833},
	"scale": "1",
	"smartupdate": "$TexturePacker:SmartUpdate:6e8df5801bc1d163b12a2409b6417b50:1/1$"
}
}
